acc_x,acc_y,acc_z,roll,pitch,yaw,datetime
-0.18549318611621857,0.23197433352470398,1.1283928155899048,11.820710429538526,9.072905689648533,354.2240172312065,2022-11-24 04:26:14.488344
-0.18233686685562134,0.1448318362236023,1.1279041767120361,12.576319743265051,9.007840453841345,354.969994270656,2022-11-24 04:26:14.515753
-0.21705615520477295,0.1346084028482437,1.1474560499191284,13.99288646297371,9.28777319565338,356.1592211320486,2022-11-24 04:26:14.550545
-0.2711987793445587,-0.021744506433606148,1.195114016532898,15.58470559150114,9.829754682709414,356.92359208437637,2022-11-24 04:26:14.584968
-0.29062217473983765,-0.0662107989192009,1.1982911825180054,16.563953227900452,10.372161349041283,356.98444330690904,2022-11-24 04:26:14.612098
-0.26877087354660034,-0.20083127915859222,1.1870487928390503,17.298596422195978,11.217670466397161,356.8644548124385,2022-11-24 04:26:14.642725
-0.27216994762420654,-0.3210368752479553,1.2232199907302856,17.9036845883147,12.178886403387642,356.5891096098712,2022-11-24 04:26:14.669825
-0.23963581025600433,-0.2856104373931885,1.205378770828247,18.439548787195342,13.23738984736849,356.6519089304212,2022-11-24 04:26:14.703954
-0.2515326142311096,-0.40459442138671875,1.1956027746200562,18.057247731424095,14.469158115119637,356.1719107697528,2022-11-24 04:26:14.731046
-0.27095600962638855,-0.46494153141975403,1.24717116355896,17.407553307383314,15.484276197492564,356.09218367911853,2022-11-24 04:26:14.765173
-0.22482550144195557,-0.5160045027732849,1.1457452774047852,16.048803285225166,15.515111086500587,355.6873997750337,2022-11-24 04:26:14.799303
-0.1616995483636856,-0.568289041519165,1.032588243484497,14.41064559204743,15.47640098937954,354.48524208488186,2022-11-24 04:26:14.826392
-0.07963581383228302,-0.5714651346206665,0.9045228958129883,12.804766519113528,15.17566946777117,353.2327010774306,2022-11-24 04:26:14.860512
-0.04345978796482086,-0.5406808257102966,0.8106734752655029,11.438540854908803,14.948669838253089,351.8762754540244,2022-11-24 04:26:14.894648
-0.056813351809978485,-0.4932827055454254,0.7994310259819031,10.12300458585568,14.878226682248163,350.32595996998856,2022-11-24 04:26:14.921904
-0.05365705490112305,-0.4495493769645691,0.7549503445625305,8.785806371849864,14.73411993604465,348.6461082407961,2022-11-24 04:26:14.949620
-0.06312594562768936,-0.41607746481895447,0.7187792062759399,7.201876965587443,14.502702881680863,346.84540229065584,2022-11-24 04:26:14.980740
-0.03204856067895889,-0.45199254155158997,0.7801235318183899,5.393940833323878,14.47386070036319,344.5321589451978,2022-11-24 04:26:15.008228
-0.06871016323566437,-0.4583449065685272,0.8016306757926941,3.6876951187444007,14.60709037031346,342.1029441102748,2022-11-24 04:26:15.042934
-0.07065249979496002,-0.4610324203968048,0.860042154788971,2.1501431238331907,14.95394957448151,339.38297153747897,2022-11-24 04:26:15.077416
-0.15854324400424957,-0.43855494260787964,0.9868855476379395,0.9534468102530015,15.421781674134241,336.54723238089326,2022-11-24 04:26:15.111873
-0.15320181846618652,-0.3784521520137787,1.001305103302002,359.696847309733,15.663478163198896,333.7181253379917,2022-11-24 04:26:15.146438
-0.16145674884319305,-0.39140114188194275,1.047985553741455,358.5868918106106,15.881603669437839,331.2007908174918,2022-11-24 04:26:15.173579
-0.2476479560136795,-0.2851217985153198,1.1276596784591675,357.9899649734981,16.11165297842033,329.0858739674161,2022-11-24 04:26:15.200688
-0.2566312551498413,-0.10847821831703186,1.0687594413757324,356.7584863484565,16.26651385747203,327.02584110241605,2022-11-24 04:26:15.234887
-0.24643400311470032,-0.21988826990127563,1.1159286499023438,355.3037621366193,16.42276638756712,325.0972347374254,2022-11-24 04:26:15.262058
-0.3166009187698364,-0.12729087471961975,1.1301037073135376,353.9416247675196,16.620553298005056,323.1046260848172,2022-11-24 04:26:15.292702
-0.35010623931884766,-0.05472774803638458,1.1276596784591675,352.6046084073005,16.580723049860126,321.23423342212254,2022-11-24 04:26:15.319821
-0.3396661579608917,-0.04690949618816376,1.1628532409667969,350.94235551427823,16.24326047844272,318.9536981450524,2022-11-24 04:26:15.353968
-0.35520485043525696,0.08568201959133148,1.1538105010986328,350.0783348767243,15.969347694610407,317.74650319038767,2022-11-24 04:26:15.381092
-0.40060698986053467,0.16381819546222687,1.1195945739746094,349.0810137060075,15.67725977739669,316.56893418124787,2022-11-24 04:26:15.415281
-0.3510774075984955,0.2894202172756195,1.1007758378982544,348.35135398848513,15.332770648870634,315.8857547548011,2022-11-24 04:26:15.449416
-0.2891654074192047,0.41015398502349854,1.07438063621521,348.2199812762155,15.254810869684109,316.3188092387474,2022-11-24 04:26:15.476507
-0.28625190258026123,0.39554908871650696,1.036987543106079,348.28610604511766,15.177904647177057,316.9081145452415,2022-11-24 04:26:15.503752
-0.23113809525966644,0.430844247341156,1.0140138864517212,348.6910073430788,15.134316087441329,317.5504596857354,2022-11-24 04:26:15.538532
-0.18063732981681824,0.5600975155830383,0.9519364237785339,349.6569651389006,15.659272474217461,319.24051827886876,2022-11-24 04:26:15.573078
-0.14616085588932037,0.575919508934021,0.9108772873878479,350.7733749266648,16.294594472697245,321.48380170420563,2022-11-24 04:26:15.607885
-0.07793626934289932,0.5846824645996094,0.8766613602638245,352.0537459667761,16.936922537718168,324.11725285569037,2022-11-24 04:26:15.642397
-0.055842187255620956,0.5953927040100098,0.8649301528930664,353.56256634405685,17.72185982996708,326.9911027602974,2022-11-24 04:26:15.676866
-0.05244309827685356,0.5316179990768433,0.851732611656189,355.09137441616997,18.363081404342463,330.18389176329276,2022-11-24 04:26:15.704255
-0.04758725315332413,0.531861424446106,0.8436673879623413,356.7507330165314,18.825061739423788,333.52135100309823,2022-11-24 04:26:15.735297
-0.016267072409391403,0.5377033352851868,0.8272926211357117,358.58544317017635,19.18281168022342,337.33126638062447,2022-11-24 04:26:15.762423
0.00192917394451797,0.5007043480873108,0.8248485922813416,0.5492030247211489,19.45500837902677,341.1484729850897,2022-11-24 04:26:15.796560
-0.03204856067895889,0.48123112320899963,0.8392682075500488,2.540790030439958,19.69945572677965,344.9231616619716,2022-11-24 04:26:15.830728
-0.04880121350288391,0.559367299079895,0.8629749417304993,4.538521965255957,19.86902541820897,348.9481118851374,2022-11-24 04:26:15.857822
-0.1145978793501854,0.5082501769065857,0.9257856607437134,6.353529050857778,19.943503508466083,352.64442841016165,2022-11-24 04:26:15.891963
-0.13742032647132874,0.4454491436481476,0.9345840811729431,7.858874569398263,19.69526882081843,356.1274287358963,2022-11-24 04:26:15.926117
-0.14081941545009613,0.3714510202407837,0.9438712000846863,9.046851079285872,19.3370851630065,358.68087702785897,2022-11-24 04:26:15.953216
-0.20855842530727386,0.31303149461746216,1.0120587348937988,10.267510898125641,19.131366695394885,0.7042516806141704,2022-11-24 04:26:15.980310
-0.24157816171646118,0.33591246604919434,1.0892889499664307,11.517308303964683,18.78120850985772,2.7649909899456264,2022-11-24 04:26:16.007404
-0.2454628348350525,0.31230124831199646,1.0619162321090698,12.660912489909304,18.082632129474447,4.856369514037555,2022-11-24 04:26:16.038016
-0.22555388510227203,0.25509876012802124,1.049940586090088,13.460983773811673,17.428554431533808,5.955930505779819,2022-11-24 04:26:16.065129
-0.24279209971427917,0.17014697194099426,1.1034642457962036,14.285350894365424,16.91042994147498,6.5161131663134695,2022-11-24 04:26:16.092360
-0.2685280740261078,0.18913331627845764,1.1181281805038452,15.173873128019457,16.474204542206486,6.95092557019742,2022-11-24 04:26:16.119946
-0.2806676924228668,0.1394767016172409,1.1222829818725586,15.94265019269212,16.169677142966883,7.395400130436,2022-11-24 04:26:16.151056
-0.28989377617836,0.03748588263988495,1.1379244327545166,16.59755263597504,15.975155062952211,7.4955546093304815,2022-11-24 04:26:16.178630
-0.2954779863357544,-0.012704655528068542,1.1291261911392212,17.360699917224316,15.829694231745743,7.439898812878633,2022-11-24 04:26:16.206223
-0.3202427923679352,-0.09943836182355881,1.2393503189086914,18.30085325836177,15.98014793123549,7.328355847316801,2022-11-24 04:26:16.240713
-0.32364189624786377,-0.16222868859767914,1.2085559368133545,19.014054781305333,15.8869875660511,7.121473686225346,2022-11-24 04:26:16.275291
-0.28285282850265503,-0.2680193781852722,1.1792280673980713,19.2415359391599,15.752181829949851,6.461380299173219,2022-11-24 04:26:16.309839
-0.1757814884185791,-0.31663909554481506,1.136213779449463,19.017188130587076,15.924263323446446,5.5816024152040935,2022-11-24 04:26:16.344005
-0.16534142196178436,-0.35719627141952515,1.0866005420684814,18.043513928550492,16.57296395496299,4.28913382941222,2022-11-24 04:26:16.371139
-0.1454324722290039,-0.40166255831718445,1.0320994853973389,16.66651364093007,17.49767594593434,3.2566322752713757,2022-11-24 04:26:16.405321
-0.1308649480342865,-0.5392149090766907,0.9890851974487305,15.305424278981196,18.501546414291546,2.05194720168321,2022-11-24 04:26:16.439450
-0.11896813660860062,-0.4248729944229126,0.9304292798042297,13.883671738145205,18.99054014754027,0.4826982198246752,2022-11-24 04:26:16.466561
-0.055113811045885086,-0.46127673983573914,0.8639525771141052,12.359400619188262,19.000599308640407,358.82751521292363,2022-11-24 04:26:16.500857
-0.010925645008683205,-0.4617653787136078,0.8578425645828247,11.332398861433159,18.67023842641252,356.85256622785784,2022-11-24 04:26:16.537644
0.024596968665719032,-0.34693482518196106,0.8492885828018188,10.175923183997647,18.057889769206078,354.6479324951565,2022-11-24 04:26:16.572724
0.024355821311473846,-0.33838361501693726,0.8561317920684814,8.502949455299417,17.86712941587679,352.2701912464792,2022-11-24 04:26:16.607847
-0.05050075799226761,-0.3935999870300293,0.9096552729606628,6.7945859551904135,18.238044546301627,349.79214738917983,2022-11-24 04:26:16.641356
-0.11823976039886475,-0.36770203709602356,0.9587795734405518,5.242593232826504,18.501850357709614,347.2409726964371,2022-11-24 04:26:16.677328
-0.17141123116016388,-0.30711063742637634,1.0098592042922974,3.5482977879736106,18.38191394343148,344.519019368782,2022-11-24 04:26:16.710234
-0.20006071031093597,-0.3330085575580597,0.9690443873405457,1.5222618694021957,17.82592117706681,341.1894336295423,2022-11-24 04:26:16.743492
-0.1252807229757309,-0.3371620178222656,1.001305103302002,359.7617913363628,17.066617584772956,337.6771061790589,2022-11-24 04:26:16.777868
-0.10682853311300278,-0.22159850597381592,1.0042380094528198,358.0901343934314,16.229861354838448,334.4692549013963,2022-11-24 04:26:16.812484
-0.11654021590948105,-0.22355307638645172,1.0281890630722046,356.18955912479447,15.838389062559168,331.3842377457673,2022-11-24 04:26:16.846886
-0.1864643394947052,-0.20083127915859222,1.0643601417541504,354.6975559539108,15.69225375017216,328.9926077342996,2022-11-24 04:26:16.873965
-0.21802732348442078,-0.19374600052833557,1.0826902389526367,353.066267296604,15.58608358216619,326.5701445413712,2022-11-24 04:26:16.908370
-0.307860404253006,-0.13877393305301666,1.178494930267334,351.6800603408692,15.313103119155583,324.13984029127556,2022-11-24 04:26:16.942443
-0.28989377617836,-0.07451768964529037,1.1159286499023438,350.88534051018155,14.645689476860493,322.3665899940514,2022-11-24 04:26:16.969454
-0.25517451763153076,-0.043489012867212296,1.0797573328018188,350.18815919593624,13.755306870431278,320.3860229649499,2022-11-24 04:26:17.000079
-0.24133536219596863,0.012414156459271908,1.1073745489120483,349.8237259150337,13.108245484315535,318.87911930950503,2022-11-24 04:26:17.026988
-0.23235204815864563,0.0737546980381012,1.1112849712371826,349.6509178601642,12.695271756529054,317.75928588941935,2022-11-24 04:26:17.053886
-0.23793627321720123,0.17915332317352295,1.0907553434371948,349.49653765567535,12.488832703960004,316.76845425218767,2022-11-24 04:26:17.087860
-0.21608498692512512,0.2190733402967453,1.0597167015075684,349.6965862125022,12.4532670551781,316.4524657955208,2022-11-24 04:26:17.114839
-0.1859787553548813,0.2826046347618103,0.9981279373168945,350.0318801988581,12.35852891629544,316.6115067503446,2022-11-24 04:26:17.141725
-0.15344461798667908,0.2767626643180847,0.9712439775466919,350.72240890885183,12.189073630534715,317.1509994872218,2022-11-24 04:26:17.168734
-0.13669195771217346,0.38216128945350647,0.9678223729133606,351.8154671336174,12.176389115472356,318.18829690137704,2022-11-24 04:26:17.202747
-0.1252807229757309,0.47246819734573364,0.9406940340995789,352.7345245817296,12.36805617641396,319.7721016566871,2022-11-24 04:26:17.236778
-0.058998484164476395,0.4809877276420593,0.9255412817001343,353.69349295959637,12.751925614373372,321.8659815241191,2022-11-24 04:26:17.263702
-0.06749621033668518,0.48488232493400574,0.9074556827545166,354.6021228432801,13.27890971355935,323.764063773709,2022-11-24 04:26:17.298272
-0.07162367552518845,0.4488569498062134,0.9062336683273315,355.47172161095176,13.552825058712603,325.39664974007127,2022-11-24 04:26:17.341251
0.0004822934861294925,0.4493437707424164,0.8959689140319824,356.7068456360195,13.73414438306164,327.88622637178423,2022-11-24 04:26:17.375790
0.010369310155510902,0.4437452554702759,0.8954800963401794,357.78995206172095,13.832104663685255,330.46152870777007,2022-11-24 04:26:17.403127
0.01422765851020813,0.38654276728630066,0.8891257643699646,358.7989635280891,13.74357175166355,332.81942099983246,2022-11-24 04:26:17.437174
0.03086678311228752,0.31789976358413696,0.8888813257217407,359.85779911669874,13.643087716141615,334.90046694181405,2022-11-24 04:26:17.473350
0.029902197420597076,0.352708101272583,0.8808161616325378,1.1952064785674803,13.712646362649025,337.29582282147396,2022-11-24 04:26:17.509728
-0.005341426469385624,0.38897690176963806,0.9003680944442749,2.631743604192198,13.793680580735701,340.03777152792435,2022-11-24 04:26:17.538747
-0.01311077456921339,0.41234472393989563,0.9353172779083252,3.776347132189758,13.7395171806175,342.70545217243455,2022-11-24 04:26:17.572919
-0.019908953458070755,0.3709642291069031,0.9394720792770386,4.736712283741748,13.49249655909482,345.0828156262734,2022-11-24 04:26:17.600031
-0.013353566639125347,0.3729115128517151,0.9570688009262085,5.861881362229683,13.15371832248854,347.8351564655459,2022-11-24 04:26:17.634186
-0.021608497947454453,0.39457544684410095,0.940938413143158,7.0602337832401885,12.899666874988979,350.7844150736845,2022-11-24 04:26:17.668324
-0.05244309827685356,0.4167262017726898,0.9424048066139221,8.053393234318348,12.755041034408544,353.35737764299273,2022-11-24 04:26:17.695416
-0.08157815039157867,0.3663393259048462,0.952669620513916,8.743362722573758,12.52068272983342,355.33657436539204,2022-11-24 04:26:17.722498
-0.09808801114559174,0.292584627866745,0.8781277537345886,9.517053254580599,12.243777469370993,357.1657022267726,2022-11-24 04:26:17.749583
-0.13693474233150482,0.3590368926525116,0.9524252414703369,10.567305830044072,12.038783855585047,359.2708374989049,2022-11-24 04:26:17.780177
-0.1544157862663269,0.38045740127563477,1.0105923414230347,11.107435482061387,11.65783346972217,0.6657154331518411,2022-11-24 04:26:17.807244
-0.11047041416168213,0.16187086701393127,0.9866411685943604,11.354414268675402,11.193514648623765,0.7249748480819593,2022-11-24 04:26:17.834401
-0.10488619655370712,0.1358254849910736,0.9607347846031189,12.184173823578877,10.91951563365318,0.967007083633004,2022-11-24 04:26:17.861545
-0.15417298674583435,0.20154748857021332,1.035521149635315,13.891424002853169,10.75023707903723,2.425984155445564,2022-11-24 04:26:17.901936
-0.18719272315502167,0.16649575531482697,1.0582501888275146,14.938347714869908,10.464742855693514,3.0790027471780275,2022-11-24 04:26:17.929482
-0.1667981743812561,0.12341132014989853,1.0736474990844727,15.926317502839327,10.208439153315139,3.5328824779037147,2022-11-24 04:26:17.957235
-0.19010621309280396,0.0722942054271698,1.146478533744812,17.17343832829737,10.20691516735658,4.374069366175444,2022-11-24 04:26:17.991787
-0.18622153997421265,0.004138051997870207,1.1677411794662476,18.23362199881404,10.307449575523643,5.134849559990491,2022-11-24 04:26:18.026218
-0.21608498692512512,-0.06498919427394867,1.1393908262252808,19.06587542653822,10.693582367419268,5.669982074856297,2022-11-24 04:26:18.060641
-0.22871017456054688,-0.14927971363067627,1.1164172887802124,19.29808136775114,11.322834035274202,5.326569981784988,2022-11-24 04:26:18.087888
-0.22701062262058258,-0.2157348245382309,1.062404990196228,19.681024461304368,11.8483103702009,5.233299906687056,2022-11-24 04:26:18.118854
-0.2206980288028717,-0.19447895884513855,1.0709590911865234,19.944377772679843,12.336010636375553,4.802561710643017,2022-11-24 04:26:18.145884
-0.22676782310009003,-0.22110986709594727,1.040164589881897,20.068996281634018,12.830200436035364,4.524238759040991,2022-11-24 04:26:18.179933
-0.20248861610889435,-0.290496826171875,1.0350322723388672,19.540787017265668,13.402693231887492,3.5275282499246594,2022-11-24 04:26:18.206869
-0.1522306650876999,-0.2841445207595825,1.0345433950424194,18.83549997602286,13.892318757634442,2.288194267007254,2022-11-24 04:26:18.233876
-0.15174508094787598,-0.3058890104293823,1.0215903520584106,18.099868111844973,14.364108098137548,1.3186383488750715,2022-11-24 04:26:18.273814
-0.11484067142009735,-0.2631329596042633,0.9766207933425903,17.105322559252127,14.483016568945592,359.7303011760813,2022-11-24 04:26:18.309734
-0.058270107954740524,-0.2262406051158905,0.9480260014533997,15.910049699783649,14.404269610457224,357.92009726093073,2022-11-24 04:26:18.344322
-0.05705614760518074,-0.2064506560564041,0.9580463767051697,14.491646512961903,14.428192348025194,355.94777298949697,2022-11-24 04:26:18.376733
-0.0572989396750927,-0.22599627077579498,0.9524252414703369,12.852788725394241,14.628263956740499,353.6666323869116,2022-11-24 04:26:18.408938
-0.09566009044647217,-0.24529758095741272,0.9377612471580505,11.177999873924081,14.780447401637552,351.320296348038,2022-11-24 04:26:18.445281
-0.13353565335273743,-0.2052290439605713,0.9348284006118774,9.366255484311411,14.891805098318148,348.71811892521555,2022-11-24 04:26:18.480973
-0.11216995865106583,-0.2694852948188782,0.9648895859718323,7.532817560121132,14.899325136594332,345.66925908350527,2022-11-24 04:26:18.513128
-0.10537177324295044,-0.20474040508270264,0.9903071522712708,5.965279327206274,14.807486413014342,342.5591239072035,2022-11-24 04:26:18.546126
-0.1291653960943222,-0.21329161524772644,1.0081483125686646,4.065619303918138,14.744158606577276,339.42552532355546,2022-11-24 04:26:18.580524
-0.14251896739006042,-0.24627485871315002,1.0291666984558105,2.4273728182811922,14.681732385110651,336.66925541796286,2022-11-24 04:26:18.607929
-0.15344461798667908,-0.2035188227891922,1.035521149635315,0.8448502175443837,14.595403916643567,333.78710341841963,2022-11-24 04:26:18.638994
-0.1881638914346695,-0.16442756354808807,1.0548286437988281,359.4828205306459,14.381897325830847,331.326343354815,2022-11-24 04:26:18.666221
-0.16801214218139648,-0.0945519506931305,1.0318549871444702,358.24512856789363,13.911855659981617,329.1046740631066,2022-11-24 04:26:18.693321
-0.1415477991104126,-0.05814823508262634,1.0208570957183838,357.0365252068777,13.393913023709441,327.1028070890784,2022-11-24 04:26:18.720536
-0.12989377975463867,-0.021744506433606148,1.0416309833526611,355.7381301513204,12.948753737006568,325.1461662126394,2022-11-24 04:26:18.751377
-0.16971167922019958,0.012414156459271908,1.065582275390625,354.5808655870357,12.719231206363812,323.39399387919394,2022-11-24 04:26:18.778379
-0.23429439961910248,0.0007302445010282099,1.0907553434371948,352.86957150888594,12.664561518473384,321.00472882072637,2022-11-24 04:26:18.812348
-0.2500758767127991,0.05160394310951233,1.0726697444915771,351.95338060579104,12.668651948012576,319.5243365445449,2022-11-24 04:26:18.839350
-0.26464343070983887,0.09663569182157516,1.0492074489593506,351.13116584859944,12.500542209518343,318.0378346641508,2022-11-24 04:26:18.873286
-0.22288314998149872,0.1431279182434082,1.034787893295288,350.8944400297033,12.271335575124702,317.17182814909575,2022-11-24 04:26:18.900147
-0.1898634284734726,0.25242120027542114,1.0220791101455688,351.0178342272487,12.075058990266985,316.95074858604073,2022-11-24 04:26:18.927152
-0.14130499958992004,0.2845519483089447,0.9991055130958557,351.2235142750463,11.901874421219434,317.1701069414249,2022-11-24 04:26:18.954015
-0.12552352249622345,0.2806572914123535,0.9802867770195007,351.21352939225335,11.814315664928102,317.06158206570257,2022-11-24 04:26:18.988022
-0.15514415502548218,0.2818743884563446,0.9861523509025574,351.5264707307768,12.024646217776768,317.3366474439573,2022-11-24 04:26:19.014989
-0.19617602229118347,0.2813875377178192,1.0027716159820557,352.04203389989686,12.235302058384654,317.6172486905343,2022-11-24 04:26:19.045483
-0.18039454519748688,0.2991568446159363,0.983219563961029,352.9799375474764,12.465016688097815,318.667257086735,2022-11-24 04:26:19.072429
-0.153930202126503,0.3765627443790436,0.9675779938697815,354.14032777708,12.792084565372107,320.47459344301205,2022-11-24 04:26:19.099492
-0.12503793835639954,0.413805216550827,0.9585352540016174,355.3453007858304,13.172256309669603,322.6037341620343,2022-11-24 04:26:19.126935
-0.10464340448379517,0.40747642517089844,0.8771501183509827,356.5766287198235,13.528934764543191,324.8023959615235,2022-11-24 04:26:19.161815
-0.08619119971990585,0.40820667147636414,0.920653223991394,357.71553608349666,13.8252497150795,327.0953519375993,2022-11-24 04:26:19.196292
-0.06336874514818192,0.38386520743370056,0.9145432710647583,358.8785272277918,13.978291202491038,329.528593169038,2022-11-24 04:26:19.230796
-0.05195751413702965,0.39189788699150085,0.8913252949714661,0.2819179256221275,14.168085937826413,332.31832587892177,2022-11-24 04:26:19.265118
-0.0572989396750927,0.41039741039276123,0.8839933276176453,1.4831498583371756,14.457428972767433,335.19927747271834,2022-11-24 04:26:19.292374
-0.050743550062179565,0.3731549382209778,0.8888813257217407,2.594573501285577,14.629348249271239,338.0112902596747,2022-11-24 04:26:19.323259
-0.05341426655650139,0.3636617660522461,0.8820381164550781,3.8071517122333387,14.77206846707324,340.9555491693408,2022-11-24 04:26:19.350313
-0.08861912786960602,0.40236473083496094,0.9135656952857971,5.066296658838366,14.924091402524798,343.72363700974483,2022-11-24 04:26:19.384285
-0.10027314722537994,0.3729115128517151,0.9460708498954773,6.182431958375313,14.817760725073333,346.17065644028673,2022-11-24 04:26:19.411159
-0.09177541732788086,0.38410860300064087,0.971977174282074,7.457071615999338,14.54964677184636,348.9479018568204,2022-11-24 04:26:19.445188
-0.08327769488096237,0.3663393259048462,0.9499812126159668,8.557360449775032,14.28042291287926,351.37097037526405,2022-11-24 04:26:19.472081
-0.10877086967229843,0.3505173623561859,0.9587795734405518,9.83479877741147,14.16590454616024,353.7271803063565,2022-11-24 04:26:19.506407
-0.15247344970703125,0.34126758575439453,0.9805311560630798,10.949515532035168,14.044722476132229,355.75988985335556,2022-11-24 04:26:19.541137
-0.1847648024559021,0.26678264141082764,1.002282738685608,11.947225169761026,13.815276785117636,357.2715375020658,2022-11-24 04:26:19.575392
-0.2155994027853012,0.23538213968276978,1.0105923414230347,12.922204791702727,13.485979704852982,358.2202657188194,2022-11-24 04:26:19.602500
-0.20151746273040771,0.26605239510536194,1.0091259479522705,14.077597030381146,12.923829522951545,359.1889728792255,2022-11-24 04:26:19.629489
-0.1752959042787552,0.22686262428760529,1.0196350812911987,15.043810958296783,12.395397423661521,359.49040278767654,2022-11-24 04:26:19.656932
-0.1583004593849182,0.16138403117656708,1.0357654094696045,16.354080297726178,12.05711437577007,359.80227927035986,2022-11-24 04:26:19.687435
-0.18937785923480988,0.16333134472370148,1.0907553434371948,17.72748619829588,12.030407482341673,0.3287818812299948,2022-11-24 04:26:19.717216
-0.24230653047561646,0.17525868117809296,1.144278883934021,18.71223555207164,11.966061123944629,1.0134467137386842,2022-11-24 04:26:19.748512
-0.23599393665790558,0.018256112933158875,1.0924662351608276,18.92705866184688,11.9047405393499,1.0872758293029388,2022-11-24 04:26:19.776109
-0.2240971177816391,-0.04813109710812569,1.0631381273269653,18.897770810685863,11.971178643180261,0.9432008861677477,2022-11-24 04:26:19.803528
-0.23599393665790558,-0.13950689136981964,1.0074150562286377,18.968162740272017,12.289169199047606,0.7823455022631575,2022-11-24 04:26:19.834352
-0.24667678773403168,-0.1656491607427597,1.049940586090088,18.988122260574084,12.676154910815834,0.3408418875505481,2022-11-24 04:26:19.861534
-0.23502275347709656,-0.24749647080898285,1.0262337923049927,18.854851609488797,13.030918351400882,359.8547413397249,2022-11-24 04:26:19.888909
-0.22652503848075867,-0.2252633273601532,1.003749132156372,18.72763933619731,13.455100419615354,359.3802286880739,2022-11-24 04:26:19.916149
-0.21996966004371643,-0.23234860599040985,0.9973947405815125,18.80026815273664,13.904876914197155,359.1788521397011,2022-11-24 04:26:19.950509
-0.1898634284734726,-0.2091381847858429,0.9736879467964172,18.76510804643671,14.39341473231878,358.7362714628534,2022-11-24 04:26:19.986376
-0.17432473599910736,-0.21084840595722198,1.003749132156372,18.47211342161067,14.657592789036533,358.07281089926215,2022-11-24 04:26:20.022124
-0.153930202126503,-0.2196439504623413,1.0091259479522705,17.897151512373583,14.414106790409335,357.146326901088,2022-11-24 04:26:20.058715
-0.1077997013926506,-0.17810949683189392,0.9846859574317932,16.732727202291468,14.24074292889607,355.72850556100616,2022-11-24 04:26:20.093736
-0.06871016323566437,-0.24383164942264557,0.9822419881820679,15.12059936004065,14.353820125700217,353.85468115514044,2022-11-24 04:26:20.128718
-0.0932321697473526,-0.23357021808624268,0.9878631234169006,13.647500872119089,14.726015916594429,351.7534566999165,2022-11-24 04:26:20.162463
-0.13110774755477905,-0.12704655528068542,0.9763763546943665,12.19101767312723,14.96774314151035,349.56717461829794,2022-11-24 04:26:20.194518
-0.14907434582710266,-0.23063836991786957,1.000083088874817,10.307964401032333,14.945200102154724,346.730526192779,2022-11-24 04:26:20.230264
-0.14737480878829956,-0.20962682366371155,1.0088814496994019,8.503836526117873,14.789437638132583,343.44084327244417,2022-11-24 04:26:20.267598
-0.1510166972875595,-0.1883709579706192,1.0394314527511597,6.627217719107952,14.477798304419704,339.9762742121848,2022-11-24 04:26:20.302538
-0.14349013566970825,-0.16125139594078064,1.0162135362625122,4.6741900127399205,14.19866042587233,336.3916184734856,2022-11-24 04:26:20.337818
-0.15635812282562256,-0.1683366894721985,1.023789882659912,2.8003361516833847,14.038156103018908,333.2832489010843,2022-11-24 04:26:20.366280
-0.2061305046081543,-0.19081415235996246,1.0452970266342163,1.007183216826371,13.741223874136358,330.0992418138142,2022-11-24 04:26:20.398141
-0.20758725702762604,-0.06938696652650833,1.0191463232040405,359.7497975508607,13.235518375535907,327.42027086660596,2022-11-24 04:26:20.425574
-0.17602428793907166,-0.055705029517412186,1.0174355506896973,358.546297541774,12.709708215113523,324.8776987971229,2022-11-24 04:26:20.453177
-0.19520485401153564,-0.04690949618816376,1.0494518280029297,356.9909292118562,12.214823443705663,322.14708820469474,2022-11-24 04:26:20.487690
-0.2274962067604065,0.002434148220345378,1.0602054595947266,355.68505744703526,11.69570259980166,319.7786927892362,2022-11-24 04:26:20.522175
-0.2291957587003708,0.07813616096973419,1.0550730228424072,354.46641979107665,11.222266329934934,317.7571753609658,2022-11-24 04:26:20.556688
-0.202245831489563,0.13047035038471222,1.0020382404327393,353.6956261130515,10.853393426071934,316.6097377313495,2022-11-24 04:26:20.584085
-0.21948406100273132,0.1489698737859726,1.0496962070465088,353.07751405684604,10.526866841289365,315.622024075474,2022-11-24 04:26:20.614750
-0.1971472054719925,0.210553839802742,1.0423643589019775,352.91449195550985,10.36591001840343,315.22366695251134,2022-11-24 04:26:20.641861
-0.17893779277801514,0.32082074880599976,1.0259895324707031,352.63185232435234,10.191285986988298,315.1009113776533,2022-11-24 04:26:20.676559
-0.1600000113248825,0.31692609190940857,0.9851747155189514,352.40069310962974,10.078339417552028,315.29107750452476,2022-11-24 04:26:20.710761
-0.14616085588932037,0.31570905447006226,0.9805311560630798,352.7792196321109,10.209263044883771,316.25301402647267,2022-11-24 04:26:20.737894
-0.13329286873340607,0.38605591654777527,0.9502256512641907,353.5483659538856,10.534432983342446,317.85925595320623,2022-11-24 04:26:20.765076
-0.09541729837656021,0.430844247341156,0.9497367739677429,354.53151917782964,10.868719516795796,319.9082136664671,2022-11-24 04:26:20.799227
-0.0842488631606102,0.46833014488220215,0.940449595451355,355.75458322325727,11.236053920548251,322.55883591352523,2022-11-24 04:26:20.826386
-0.029863430187106133,0.45761990547180176,0.9235860705375671,357.09327639491767,11.53844603189858,325.6268237000061,2022-11-24 04:26:20.857017
0.012298484332859516,0.46200135350227356,0.9067224860191345,358.470526624773,11.942244254308795,329.009013848686,2022-11-24 04:26:20.884082
0.0072344024665653706,0.49023744463920593,0.9211421012878418,359.69097945686445,12.372387370121395,332.0805294278732,2022-11-24 04:26:20.911152
0.01205733697861433,0.4447188973426819,0.9059892892837524,0.7467657662160917,12.683104628296322,335.09566521055655,2022-11-24 04:26:20.938485
0.03279595822095871,0.40698960423469543,0.869573712348938,1.9470045467371375,12.840571224516381,338.02654207209133,2022-11-24 04:26:20.970157
0.024355821311473846,0.40114766359329224,0.8786165118217468,3.3154986875199537,13.016288086198715,340.8991335143438,2022-11-24 04:26:20.998154
-0.022336874157190323,0.4262193441390991,0.8964577317237854,4.668366849585661,13.234421276400473,343.6059408975144,2022-11-24 04:26:21.025832
-0.03301972895860672,0.39214128255844116,0.8854597210884094,5.9148396608462,13.206935741406696,346.01380797618657,2022-11-24 04:26:21.056740
-0.04904400557279587,0.370233952999115,0.8981685042381287,7.095482681999332,12.924504004132084,348.2430417024007,2022-11-24 04:26:21.084033
-0.08060698211193085,0.3566027283668518,0.9282296299934387,8.183484432344995,12.155476783781069,350.14861240064187,2022-11-24 04:26:21.118344
-0.06701061874628067,0.3018344044685364,0.93165123462677,9.169140493733074,11.136993979468263,351.6787754115316,2022-11-24 04:26:21.145708
-0.00048558422713540494,0.34394514560699463,0.9245636463165283,10.522045581508982,10.263347897826518,354.25606319813176,2022-11-24 04:26:21.172823
0.046782467514276505,0.40747642517089844,0.9446043968200684,11.740313980365599,9.715056169751037,357.78760119598604,2022-11-24 04:26:21.206838
0.01977403275668621,0.32812318205833435,0.9604904055595398,12.205160433577388,9.591155684433359,359.6143360899187,2022-11-24 04:26:21.233833
-0.029863430187106133,0.2791968286037445,0.9771095514297485,12.426705303269568,9.731718416231283,0.7933529390800148,2022-11-24 04:26:21.264338
-0.06385432928800583,0.2241850644350052,1.0017938613891602,12.645827163353685,9.842196726056239,1.451126943300394,2022-11-24 04:26:21.291277
-0.10318664461374283,0.18888990581035614,1.0279446840286255,12.92224065019587,9.915564910573224,1.9530134056594564,2022-11-24 04:26:21.318313
-0.15417298674583435,0.16527867317199707,1.0936881303787231,13.401451845005843,9.714786377278822,2.634203752953872,2022-11-24 04:26:21.352203
-0.12406677007675171,0.146048903465271,1.08440101146698,13.920710146466892,9.25024813635333,2.6475027715981216,2022-11-24 04:26:21.379186
-0.09274659305810928,0.1484830528497696,1.073158621788025,14.641804806770049,8.896285535448465,2.5853670466146346,2022-11-24 04:26:21.406146
-0.1342640370130539,0.15602891147136688,1.0963765382766724,15.534930587924672,8.69012566686174,2.7091424540931364,2022-11-24 04:26:21.433083
-0.16704097390174866,0.15383818745613098,1.1093297004699707,16.64028912961181,8.40231771693668,3.317951365762223,2022-11-24 04:26:21.467051
-0.15854324400424957,0.10223422944545746,1.102486491203308,17.260591542106734,8.211593222100538,3.3766841624351627,2022-11-24 04:26:21.494008
-0.1881638914346695,0.06669566035270691,1.0817126035690308,17.720840424233458,8.123098729892913,3.4845486442421194,2022-11-24 04:26:21.524929
-0.17213961482048035,-0.03933556750416756,1.055561900138855,17.665684939138313,8.248108267177072,3.0394316193347355,2022-11-24 04:26:21.552419
-0.1993323266506195,-0.1324215978384018,1.053362250328064,17.626995332584773,8.673331085466325,2.816739491305405,2022-11-24 04:26:21.587344
-0.23453716933727264,-0.19521191716194153,1.053362250328064,17.45056642368147,9.246915004038362,2.021864700700947,2022-11-24 04:26:21.615031
-0.19423368573188782,-0.24065549671649933,1.0042380094528198,17.28408739285158,9.784913637034634,0.981311314024009,2022-11-24 04:26:21.646024
-0.17602428793907166,-0.27608194947242737,1.0061930418014526,16.99911482520572,10.398063133921264,359.5888133004964,2022-11-24 04:26:21.673572
-0.18233686685562134,-0.3085765242576599,1.0252562761306763,17.093376558393775,10.988503105591247,358.36566827997456,2022-11-24 04:26:21.708024
-0.12382397800683975,-0.24261006712913513,0.983708381652832,16.956333935339345,11.31463268562831,356.9275508193306,2022-11-24 04:26:21.742576
-0.09201820939779282,-0.21720074117183685,0.9673336148262024,16.430824303240442,11.552360834785187,355.6396546183012,2022-11-24 04:26:21.783046
-0.0915326252579689,-0.24456462264060974,0.9756431579589844,15.445700996607625,11.651599214557242,353.980001039145,2022-11-24 04:26:21.818344
-0.05778452381491661,-0.21646778285503387,0.9641563892364502,14.155082965194001,11.673236400074195,352.06931026034727,2022-11-24 04:26:21.853627
-0.03010622225701809,-0.2289281189441681,0.952669620513916,12.633595148323838,11.865476343132435,349.9307601019697,2022-11-24 04:26:21.886615
-0.060455236583948135,-0.21720074117183685,0.9509588479995728,11.06472801672859,12.120092988785817,347.61266390710637,2022-11-24 04:26:21.918956
-0.09347496181726456,-0.22379739582538605,0.9844415187835693,9.363190436921368,12.399562985281584,344.97319450518927,2022-11-24 04:26:21.955039
-0.10974203050136566,-0.20596201717853546,1.0030159950256348,7.457621446227524,12.506182238225483,341.9686506383613,2022-11-24 04:26:21.991139
-0.09760242700576782,-0.23625773191452026,1.0059486627578735,5.610820683812939,12.353227835725862,338.7657700308672,2022-11-24 04:26:22.023469
-0.08570561558008194,-0.19838808476924896,1.0086370706558228,3.8190494748806776,12.06319324413138,335.2811219219953,2022-11-24 04:26:22.059562
-0.10925644636154175,-0.18201862275600433,1.0189019441604614,2.019274564901631,11.783637016497343,331.8397737973667,2022-11-24 04:26:22.095650
-0.1325644850730896,-0.1580752283334732,1.0252562761306763,0.3507847486718091,11.566530915992026,328.82568815626826,2022-11-24 04:26:22.127971
-0.17262519896030426,-0.15587635338306427,1.046519160270691,358.6341442332275,11.291684103790713,325.7955635234513,2022-11-24 04:26:22.164428
-0.18015174567699432,-0.09210874885320663,1.042608618736267,357.2267897311619,10.824225103221394,323.21881318736143,2022-11-24 04:26:22.197214
-0.16946889460086823,-0.03225028142333031,1.0391870737075806,355.8585694382761,10.164335768070721,320.6690591739661,2022-11-24 04:26:22.234653
-0.1612139642238617,0.02945319376885891,1.0663154125213623,354.86496901310966,9.576394791863315,318.70562225930297,2022-11-24 04:26:22.266143
-0.11168437451124191,0.02872294932603836,1.0482298135757446,354.0581302924003,9.117020173950353,316.90671094136707,2022-11-24 04:26:22.297389
-0.1544157862663269,0.08178738504648209,1.051162600517273,353.64902117102355,9.00680311886115,315.57911682710795,2022-11-24 04:26:22.331919
-0.20078907907009125,0.16673915088176727,1.0352766513824463,353.7632957853666,8.982970881299682,314.9713563494765,2022-11-24 04:26:22.366421
-0.17820940911769867,0.26556557416915894,1.010103464126587,354.4109723153945,9.025993389107947,315.4525944029226,2022-11-24 04:26:22.393818
-0.1757814884185791,0.3726681172847748,1.0179243087768555,355.5025868089242,9.2743074777047,316.7000703982175,2022-11-24 04:26:22.421153
-0.11823976039886475,0.4790404140949249,0.9956839680671692,356.8026693480934,9.590021873031137,318.60242151603865,2022-11-24 04:26:22.455325
-0.056813351809978485,0.5189604163169861,0.9089220762252808,357.94230370002634,10.226715885760447,321.1284303767845,2022-11-24 04:26:22.489473
-0.05996965244412422,0.5581502318382263,0.9059892892837524,359.07168113553837,10.986180841273443,324.0251853207732,2022-11-24 04:26:22.516563
-0.031805768609046936,0.5053291916847229,0.9228528738021851,0.019931195694344702,11.697387095205714,326.78567116063095,2022-11-24 04:26:22.547177
-0.01383915077894926,0.48317843675613403,0.9414272308349609,0.9234207650530966,12.388627852420393,329.4809252788205,2022-11-24 04:26:22.574305
-0.021122915670275688,0.4943755269050598,0.9047673344612122,1.627719349856958,12.988943423856568,332.1785289820845,2022-11-24 04:26:22.601395
-0.008740516379475594,0.40066081285476685,0.8935248851776123,2.0445983450230996,13.129375528286616,334.3018623327649,2022-11-24 04:26:22.628487
-0.00898330844938755,0.33542564511299133,0.9172316789627075,2.431724289112725,13.04244173430434,335.53277170422797,2022-11-24 04:26:22.662624
-0.014324734918773174,0.3665827512741089,0.9304292798042297,3.2356021228169065,13.010034194239921,337.4077149804571,2022-11-24 04:26:22.689740
-0.008497724309563637,0.39822664856910706,0.9248080253601074,4.26280601148276,12.960885860519802,339.7024126547713,2022-11-24 04:26:22.723863
0.004822934977710247,0.38410860300064087,0.9098996520042419,5.6850814886770795,12.900668351476032,342.4395204646474,2022-11-24 04:26:22.758038
0.024355821311473846,0.47636282444000244,0.91161048412323,7.1456363341879126,13.001417056828304,345.6954383448203,2022-11-24 04:26:22.786244
0.03448398411273956,0.5340521931648254,0.8886368870735168,8.270136481024009,13.261873514222046,349.1481928853628,2022-11-24 04:26:22.818140
-0.03520485386252403,0.4279232621192932,0.9072113037109375,8.951234407321218,13.368732677560542,351.79927702396355,2022-11-24 04:26:22.845503
-0.0555993914604187,0.40479886531829834,0.912832498550415,9.672178803462636,13.399349000515125,354.2989486752698,2022-11-24 04:26:22.876703
-0.06725341826677322,0.47149452567100525,0.9333620667457581,10.387901519983577,13.405062453755841,356.8483419692996,2022-11-24 04:26:22.904184
-0.1056145653128624,0.40918034315109253,0.9509588479995728,10.660196402756245,13.121396159788748,358.57480749842154,2022-11-24 04:26:22.938700
-0.09541729837656021,0.2962358295917511,0.9639120101928711,11.66831354122991,12.605600764236895,359.98031123433304,2022-11-24 04:26:22.973311
-0.13013657927513123,0.40090420842170715,1.0017938613891602,13.011563302840358,12.050156120553119,1.680787038221901,2022-11-24 04:26:23.007610
-0.1437329351902008,0.31376174092292786,1.030388593673706,13.95342077617573,11.485845037553018,2.5127132571961512,2022-11-24 04:26:23.034743
-0.1420333832502365,0.32252466678619385,1.0350322723388672,14.829302037223362,10.77671772244937,3.2337009823501157,2022-11-24 04:26:23.061881
-0.14567527174949646,0.2855255901813507,1.0802462100982666,15.815349126941422,9.94656970053685,4.169212783059722,2022-11-24 04:26:23.096034
-0.12406677007675171,0.26215776801109314,1.0819571018218994,16.509014601311456,9.447861730741076,4.451098532087556,2022-11-24 04:26:23.123120
-0.14106221497058868,0.18645575642585754,1.1855823993682861,17.21885567118337,9.387773995291536,4.8397072675573085,2022-11-24 04:26:23.157244
-0.21317148208618164,0.05282101780176163,1.0704702138900757,17.80232458103171,9.473732779769792,5.2618129582640965,2022-11-24 04:26:23.191687
-0.18913505971431732,-0.03957988694310188,1.0773134231567383,18.58731992988857,9.631282192033538,5.553342080626343,2022-11-24 04:26:23.226584
-0.2639150321483612,-0.07744953781366348,1.1193500757217407,19.35196985275525,9.993249774645657,5.669728077196537,2022-11-24 04:26:23.261201
-0.25080427527427673,-0.11067710071802139,1.0567837953567505,19.7047508309337,10.073160426613866,5.551577757386364,2022-11-24 04:26:23.295411
-0.20928680896759033,-0.1617400348186493,1.0301443338394165,19.576532812286928,10.229351485006426,4.92855650271495,2022-11-24 04:26:23.322465
-0.23235204815864563,-0.17273445427417755,1.0506739616394043,19.298036971521537,10.476763988632737,4.487136744582659,2022-11-24 04:26:23.354129
-0.21972686052322388,-0.22208714485168457,1.0157246589660645,18.72047105266338,10.766761014186784,3.503444149137548,2022-11-24 04:26:23.382448
-0.18112292885780334,-0.23772364854812622,1.012303113937378,17.911226824705686,10.970952080745255,2.6072955823883723,2022-11-24 04:26:23.417330
-0.12843702733516693,-0.2650875151157379,0.9973947405815125,17.011431363826546,11.245320779704667,1.5458616670884708,2022-11-24 04:26:23.451995
-0.14470410346984863,-0.2291724532842636,1.0105923414230347,15.957697099433657,11.504640010601602,0.22540381985153127,2022-11-24 04:26:23.486602
-0.09808801114559174,-0.2687523066997528,0.8969464898109436,14.480506474425614,11.628465363838409,358.42067520845524,2022-11-24 04:26:23.521040
-0.04370258003473282,-0.2926957309246063,0.9040341377258301,13.145925076645556,11.723018233839834,356.56055408305525,2022-11-24 04:26:23.555706
-0.03836115449666977,-0.2592238187789917,0.9094108939170837,12.01814046259233,11.729916724901546,354.5473857072716,2022-11-24 04:26:23.590055
-0.025250378996133804,-0.23796796798706055,0.8962132930755615,10.845874241569396,11.775941954623677,352.2946211255931,2022-11-24 04:26:23.617167
-0.02694992534816265,-0.22770652174949646,0.9040341377258301,9.736871793960058,11.890857326088204,350.03702333130315,2022-11-24 04:26:23.651276
-0.050015177577733994,-0.18592774868011475,0.911121666431427,8.694649813413227,11.992417116404416,347.7100606971235,2022-11-24 04:26:23.689759
-0.042488619685173035,-0.16589348018169403,0.9780871868133545,7.64396522848475,12.080185901012726,345.43130212301116,2022-11-24 04:26:23.722076
-0.06482549011707306,-0.1268022358417511,1.0091259479522705,6.466873478813201,12.096101095552502,343.08722047345054,2022-11-24 04:26:23.758134
-0.0718664675951004,-0.1297340840101242,1.024523138999939,5.110581470982614,11.997221300711873,340.5441344322324,2022-11-24 04:26:23.795829
-0.0786646381020546,-0.14830242097377777,1.0176799297332764,3.7815363684116754,12.008098376965119,337.9718100587247,2022-11-24 04:26:23.831039
-0.12649469077587128,-0.12167150527238846,1.0277001857757568,2.665462327133847,11.862190168368013,335.50724557975235,2022-11-24 04:26:23.866239
